{
  "B": 0.0,
  "C": 0.0,
  "D": 0.0,
  "E": 0.0,
  "F": 0.09127565982404692,
  "G": 0.0,
  "H": 0.0,
  "I": 0.0,
  "J": 0.0,
  "K": 0.0,
  "L": 0.27382697947214074,
  "M": 0.0,
  "N": 0.0,
  "O": 0.20271260997067447,
  "P": 0.0,
  "Q": 0.0,
  "R": 0.0,
  "S": 0.0,
  "T": 0.0,
  "U": 0.023826979472140762,
  "V": 0.0,
  "W": 0.0,
  "X": 0.039589442815249266,
  "Y": 0.0,
  "Z": 0.29765395894428154,
  "AB": 0.0,
  "AC": 0.0,
  "AD": 0.0,
  "AE": 0.0,
  "AF": 0.0,
  "AG": 0.0,
  "AH": 0.0,
  "AI": 0.0,
  "Target": 0.07111436950146628
}