{
    "Pregnancies": 0.14285714285714285,
    "Glucose": 0.23809523809523808,
    "BloodPressure": 0.047619047619047616,
    "SkinThickness": 0.09523809523809523,
    "Insulin": 0.23809523809523808,
    "BMI": 0.23809523809523808,
    "DiabetesPedigreeFunction": 0.0,
    "Age": 0.0,
    "Outcome": 0.0
}