{
    "0": 0.0,
    "1": 0.23809523809523808,
    "2": 0.14285714285714285,
    "3": 0.09523809523809523,
    "4": 0.3333333333333333,
    "5": 0.14285714285714285,
    "6": 0.047619047619047616,
    "7": 0.0,
    "Target": 0.0
}